地区,年份,结婚登记(万对),内地居民初婚登记(万人),内地居民再婚登记(万人),离婚登记(万对),粗离婚率(‰),总人口(万人),人口出生率(%),GDP(亿元),全体居民人均可支配收入(元)
北京市,2024年,11.45,14.82,8.08,6.72,3.08,2183,6.09,49670.2,85415
北京市,2023年,13.73,19.52,7.95,5.49,2.51,2186,5.63,47353.7,81752
北京市,2022年,9.13,11.81,6.45,4.42,2.02,2184,5.67,45222.4,77415
北京市,2021年,10.34,13.63,7.04,5.04,2.3,2189,6.35,44350.7,75002
北京市,2020年,11.38,12.43,10.33,8.19,3.77,2189,6.99,38503.6,69434
北京市,2019年,12.9,14.15,11.64,8.38,3.89,2190,8.12,37767,67756
北京市,2018年,13.78,16.92,10.65,7.41,3.43,2192,8.24,35161.4,62361
北京市,2017年,15.15,17.93,12.36,8.06,3.71,2194,9.06,31325.9,57230
北京市,2016年,16.62,20.08,13.17,10.58,4.89,2195,9.32,28438.7,52530
北京市,2015年,16.6,22.95,10.25,8.22,3.79,2188,7.96,26034.1,48458
北京市,2014年,17,25.38,8.63,6.56,3.08,2171,9.75,23577.5,44489
北京市,2013年,16.37,25.16,7.57,6.46,3.06,2125,8.93,21746,40830
北京市,2012年,17.41,28.74,6.08,4.86,2.35,2078,9.05,19568.3,36817
北京市,2011年,17.32,28.84,5.81,4.35,3.45,2024,8.29,17653.3,33176
北京市,2010年,13.8,22.2,5.4,4.4,2.37,1962,7.48,15420.2,29228
北京市,2009年,18.18,30.58,5.77,4.13,,1860,8.06,13335.7,26571
北京市,2008年,14.75,24.63,4.87,3.76,,1771,8.17,12167.6,24371
北京市,2007年,11.79,19.34,4.25,3.66,,1676,8.32,10730.4,21458
北京市,2006年,17.1,29.4,4.8,3.6,,1601,6.26,8618.9,19296
北京市,2005年,9.7,15.9,3.4,3.4,,1538,6.29,7327.4,16853
北京市,2004年,12.64,21.44,3.65,3.3,,1493,6.1,6424.1,
北京市,2003年,9.4,15.9,2.7,3.1,,1456,5.1,5400.1,
北京市,2002年,7.6,12.6,2.5,2.8,,1423,6.6,4634.9,
北京市,2001年,7.94,13.33,2.38,2.77,,1385,6.1,3935.4,
天津市,2024年,6.04,9.72,2.37,4.36,3.2,1364,4.99,17931.3,53581
天津市,2023年,8.38,13.69,3.06,4.94,3.62,1364,4.47,17211.8,51271
天津市,2022年,6.89,8.21,5.56,4.03,2.95,1363,4.75,16588.5,48976
天津市,2021年,8.04,9.1,6.98,4.14,3,1373,5.3,16093.2,47449
天津市,2020年,8.98,13.28,4.69,7.26,4.92,1387,5.99,14230.8,43854
天津市,2019年,9.64,14.11,5.18,7.47,4.78,1385,6.73,14097.2,42404
天津市,2018年,9.75,14.96,4.54,6.41,4.11,1383,6.67,13411.1,39506
天津市,2017年,9.51,15.4,3.61,5.89,3.78,1410,7.65,12468.2,37022
天津市,2016年,9.82,16.15,3.49,6.52,4.24,1443,7.37,11487,34074
天津市,2015年,10.12,17.49,2.76,5.19,3.36,1439,5.84,10889.2,31291
天津市,2014年,9.94,17.39,2.48,4.45,2.98,1429,8.19,10749.2,28832
天津市,2013年,10.26,16.99,3.53,4.53,3.07,1410,8.28,10075.2,26359
天津市,2012年,10.14,17.47,2.81,3.63,2.57,1378,8.75,9193,24030
天津市,2011年,10.41,17.33,3.5,3.21,3.24,1341,8.58,8240.8,21714
天津市,2010年,8.7,13.8,3.6,3,2.37,1299,8.18,6991.6,19266
天津市,2009年,10.4,17.36,3.45,2.76,,1228,8.3,5828.6,16967
天津市,2008年,8.93,15.19,2.68,2.4,,1176,8.13,5278.3,15444
天津市,2007年,7.57,12.49,2.65,2.21,,1115,7.91,4229.8,13116
天津市,2006年,8.4,14.3,2.4,2.1,,1075,7.67,3592.5,11526
天津市,2005年,6.4,10.3,2.4,1.9,,1043,7.44,3203.6,10255
天津市,2004年,7.7,13.16,2.16,1.8,,1024,7.31,2663.3,
天津市,2003年,6.3,10.9,1.6,1.4,,1011,7.14,2288.7,
天津市,2002年,5.4,9.3,1.5,1.2,,1007,7.49,1952.3,
天津市,2001年,5.79,10.04,1.49,1.31,,1004,7.58,1778.3,
河北省,2024年,27.94,43.2,12.69,16.83,2.28,7378,5.9,47448.1,34665
河北省,2023年,37.11,56.82,17.4,17.77,2.4,7393,5.54,45660,32903
河北省,2022年,30.21,43.35,17.07,12.95,1.75,7420,6.09,43198.3,30867
河北省,2021年,33.71,45.8,21.63,13.4,1.8,7448,7.15,41205.4,29383
河北省,2020年,37.49,48.44,26.54,23.65,3.14,7464,8.16,36821.5,27136
河北省,2019年,42.13,55.14,29.13,25.57,3.37,7447,10.83,35623.5,25665
河北省,2018年,45.87,64.52,27.23,23.45,3.11,7426,11.26,32947,23446
河北省,2017年,50.49,75.05,25.93,23.24,3.1,7409,13.2,31065.5,21484
河北省,2016年,55.19,85.14,25.24,22.02,2.96,7375,12.42,28879.7,19725
河北省,2015年,60.94,98.75,23.14,19.9,2.68,7345,11.35,26744.1,18118
河北省,2014年,66.13,109.99,22.28,18.57,2.52,7323,13.18,25644.1,16647
河北省,2013年,74.08,126.62,21.53,17.88,2.44,7288,13.04,24659.1,15190
河北省,2012年,74.53,130.3,18.76,17.12,2.35,7262,12.88,23437.3,13647
河北省,2011年,77.72,137,18.43,15.63,2.14,7232,13.02,21711.7,12059
河北省,2010年,75,135.6,14.5,14.5,2.04,7194,13.22,18254.1,10428
河北省,2009年,72,130.06,13.93,12.67,,7034,12.93,15540.3,9267
河北省,2008年,66.31,120.35,12.28,11.22,,6989,13.04,14403.8,8365
河北省,2007年,60.39,109.39,11.4,9.88,,6943,13.33,12317.6,7233
河北省,2006年,55.5,100.4,10.6,9.2,,6898,12.82,10178.1,6295
河北省,2005年,53.8,97.5,10.1,8.3,,6851,12.84,8886.2,5581
河北省,2004年,57.48,104.16,10.76,7.7,,6809,11.98,7683,
河北省,2003年,52.4,95.3,9.5,5.8,,6769,11.43,7684,
河北省,2002年,47.1,85.2,8.9,5.3,,6735,11.53,5574.9,
河北省,2001年,44.56,81.63,7.46,5.16,,6699,11.16,5107.8,
山西省,2024年,16,25.57,6.44,6.96,2.02,3446,6.94,25353.5,32441
山西省,2023年,20.59,34.02,7.17,18.19,2.12,3466,6.13,26050.8,30924
山西省,2022年,18.19,30.22,6.16,5.72,1.64,3481,6.75,25653.2,29178
山西省,2021年,22.33,37.29,7.37,5.86,1.68,3480,7.06,23087.8,27426
山西省,2020年,21.58,35.66,7.5,8.21,2.27,3490,8.26,18202.7,25214
山西省,2019年,25.5,42.63,8.38,9.12,2.45,3497,9.12,17311,23828
山西省,2018年,27.85,47.56,8.14,8.75,2.36,3502,9.63,16153.1,21990
山西省,2017年,28.77,50.3,7.25,8.22,2.23,3510,11.06,14679.1,20420
山西省,2016年,30.01,53.08,6.94,7.65,2.09,3514,10.29,12160.1,19049
山西省,2015年,34.68,62.31,7.04,7.22,1.97,3519,9.98,12036.1,17854
山西省,2014年,35.07,63.75,6.39,6.56,1.8,3528,10.92,12307,16538
山西省,2013年,38.4,71.03,5.77,6.1,1.68,3535,10.81,12171.8,15120
山西省,2012年,36.28,67.7,4.86,5.28,1.46,3548,10.7,11819.7,13592
山西省,2011年,33.96,63.36,4.56,4.75,1.37,3562,10.47,11005.1,11959
山西省,2010年,36.1,67.6,4.5,4.3,1.23,3574,10.68,9004.5,10149
山西省,2009年,34.36,63.29,5.44,3.89,,3427,10.87,7231.2,8911
山西省,2008年,28.74,52.81,4.67,3.28,,3411,11.32,7295.8,8333
山西省,2007年,23.85,44.35,3.35,3.24,,3393,11.3,5991.9,7282
山西省,2006年,20.2,37.7,2.7,3,,3375,11.48,4758.7,6235
山西省,2005年,19,35.4,2.6,2.9,,3355,12.02,4118,5518
山西省,2004年,16.15,30.24,2.04,2.7,,3335,12.36,3533.1,
山西省,2003年,14.5,27.3,1.7,2.3,,3314,12.26,2884,
山西省,2002年,15.4,29.2,1.5,2.3,,3294,12.86,2348.2,
山西省,2001年,14.62,27.71,1.51,2.29,,3272,13.06,2049,
内蒙古自治区,2024年,10.29,13.39,7.2,6.87,2.87,2388,5.52,26337,40077
内蒙古自治区,2023年,14.24,19.78,8.69,7.06,2.94,2396,5,25020.5,38130
内蒙古自治区,2022年,11.46,15.58,7.35,5.24,2.18,2401,5.58,23795.7,35921
内蒙古自治区,2021年,13.21,17.59,8.83,5.49,2.29,2400,6.26,21584.8,34108
内蒙古自治区,2020年,14.17,17.86,10.47,8.61,3.48,2403,7.2,17623.4,31497
内蒙古自治区,2019年,16.18,20.7,11.65,9.98,3.93,2415,8.23,17479.4,30555
内蒙古自治区,2018年,17.69,23.48,11.89,9.88,3.9,2422,8.35,16252.9,28376
内蒙古自治区,2017年,18.7,26.32,11.08,10.09,4,2433,9.47,15009.9,26212
内蒙古自治区,2016年,19.84,28.09,11.59,9.84,3.92,2436,9.03,13879,24127
内蒙古自治区,2015年,21.79,33.1,10.47,9.19,3.66,2440,7.72,13062.7,22310
内蒙古自治区,2014年,21.68,33.6,9.75,8.84,3.54,2449,9.31,12377.3,20559
内蒙古自治区,2013年,22.16,35.51,8.81,8.07,3.23,2455,8.98,11584.9,18693
内蒙古自治区,2012年,20.77,34.39,7.15,7.06,2.83,2464,9.17,10638.9,16800
内蒙古自治区,2011年,21.53,35.91,7.14,6.67,2.72,2470,8.94,9610.8,14715
内蒙古自治区,2010年,20.3,33.6,6.9,5.7,2.31,2472,9.3,8342.1,12538
内蒙古自治区,2009年,18.84,32.04,5.63,5.2,,2458,9.57,7227,11015
内蒙古自治区,2008年,18.78,32.5,5.06,5.02,,2444,9.81,6352.4,9923
内蒙古自治区,2007年,18.57,32.86,4.27,4.73,,2429,10.21,5239.6,8340
内蒙古自治区,2006年,16.3,29.6,3,4.1,,2415,9.87,4212.3,6876
内蒙古自治区,2005年,15.5,28,2.9,3.9,,2403,10.08,3562.7,5985
内蒙古自治区,2004年,14.77,26.85,2.66,3.7,,2393,9.53,2976.2,
内蒙古自治区,2003年,13.1,24.3,1.8,3,,2386,9.24,2415.1,
内蒙古自治区,2002年,13.1,24.2,2,2.5,,2384,9.6,1959.7,
内蒙古自治区,2001年,14.76,27.44,2.05,3.31,,2381,10.77,1729.5,
辽宁省,2024年,14.95,18.8,11.1,11.84,2.84,4155,4.32,32540.8,39844
辽宁省,2023年,22.84,36.14,9.54,12.03,2.87,4182,4.06,31389.8,37992
辽宁省,2022年,19.09,30.42,7.76,9.26,2.21,4197,4.08,29739.7,36089
辽宁省,2021年,21.44,33.4,9.49,9.6,2.26,4229,4.71,28471,35112
辽宁省,2020年,22.43,32.71,12.15,15.05,3.49,4255,5.16,25839,32738
辽宁省,2019年,25.56,32.23,18.88,17.68,4.06,4277,6.45,25665.9,31820
辽宁省,2018年,28.08,45.64,10.52,17.24,3.95,4291,6.39,24113.5,29701
辽宁省,2017年,29.19,51.94,6.43,16.68,3.81,4312,6.49,22105.4,27835
辽宁省,2016年,31.26,55.5,7.02,16.01,3.65,4327,6.6,20832,26040
辽宁省,2015年,31.7,57.53,5.87,15.23,3.48,4338,6.17,20657.8,24576
辽宁省,2014年,34.51,62.75,6.27,15.27,3.48,4358,6.49,20381.5,22820
辽宁省,2013年,36.96,67.18,6.75,15.21,3.47,4365,6.09,19534.3,20818
辽宁省,2012年,37.29,66.96,7.61,14.12,3.22,4375,6.15,18127.6,18761
辽宁省,2011年,37.26,61.01,13.52,13.91,3.27,4379,5.71,16585.3,16429
辽宁省,2010年,32.2,50.5,13.9,12.8,2.94,4375,6.68,14105.8,13953
辽宁省,2009年,38.17,62.4,13.93,13.15,,4341,6.06,13003.2,12183
辽宁省,2008年,32.4,51.99,12.8,12.17,,4315,6.32,12303,11125
辽宁省,2007年,29.18,48.16,10.19,11.55,,4298,6.89,10422.8,9421
辽宁省,2006年,31.2,51.7,10.6,10.7,,4271,6.4,8489.3,7937
辽宁省,2005年,26,42.7,9.3,11.1,,4221,7.01,7342.2,6979
辽宁省,2004年,29.29,49.67,8.41,10.7,,4217,6.51,6547.7,
辽宁省,2003年,25.4,42.7,7.4,8.3,,4210,6.9,5973.6,
辽宁省,2002年,23.8,40.3,6.7,6.5,,4203,7.38,5507.8,
辽宁省,2001年,25.64,44.82,5.9,8.39,,4194,7.74,5074.9,
吉林省,2024年,10.21,14.67,5.75,7.86,3.37,2317,4.17,14305,31318
吉林省,2023年,13.79,20.61,6.97,8.02,3.42,2339,3.76,13942.7,29797
吉林省,2022年,11.4,14.33,8.48,5.93,2.52,2348,4.32,13121.4,27975
吉林省,2021年,13.89,17.32,10.46,6.4,2.68,2375,4.7,13431.1,27770
吉林省,2020年,13.93,16.25,11.6,10.37,4.07,2399,4.84,12499.5,25751
吉林省,2019年,18.08,21.32,14.84,12.98,4.83,2448,6.05,11949.4,24563
吉林省,2018年,19.32,27.19,11.44,12.88,4.75,2484,6.62,11437.4,22798
吉林省,2017年,20.63,36.47,4.78,13.36,4.9,2526,6.76,11083,21368
吉林省,2016年,22.15,39.59,4.71,12.92,4.71,2567,5.55,10603.5,19967
吉林省,2015年,23.45,42.42,4.47,12.74,4.63,2613,5.87,10162.9,18684
吉林省,2014年,23.52,42.91,4.13,12.21,4.44,2642,6.62,10077,17520
吉林省,2013年,25.41,46.83,3.98,12.4,4.51,2668,5.36,9608.6,15998
吉林省,2012年,22.98,42.66,3.31,11.1,4.03,2698,5.73,8831.3,14395
吉林省,2011年,23.82,40.86,6.78,10.14,3.72,2725,6.53,7857.7,12621
吉林省,2010年,22.3,39.4,5.2,9.4,3.43,2747,7.91,6505.9,10798
吉林省,2009年,23.91,41.99,5.82,8.96,,2740,6.69,5515.3,9671
吉林省,2008年,21.9,38.84,4.95,8.37,,2734,6.65,4905.4,8921
吉林省,2007年,21.11,37.15,5.07,8.3,,2730,7.55,4134.7,7791
吉林省,2006年,19.8,35,4.7,7.6,,2723,7.67,3271.5,6757
吉林省,2005年,16.8,29.1,4.6,7.3,,2716,7.89,2810.1,6010
吉林省,2004年,17.72,30.05,4.97,7.1,,2709,7.39,2487.7,
吉林省,2003年,16.2,27.5,3.6,4.3,,2704,7.25,2169.7,
吉林省,2002年,15.8,27.2,3.5,3.8,,2699,8.3,2067.3,
吉林省,2001年,16.31,28.5,3.3,5.2,,2691,8.76,1921.7,
黑龙江省,2024年,13.13,14.05,12.21,10.65,3.5,3029,3.35,16478.1,31269
黑龙江省,2023年,17.94,21.26,14.62,11.32,3.68,3062,2.92,16470.7,29694
黑龙江省,2022年,15.05,17.93,12.18,8.06,2.6,3099,3.34,16359.2,28346
黑龙江省,2021年,17.22,24.64,9.81,8.51,2.7,3125,3.59,15292.8,27159
黑龙江省,2020年,17.19,28.34,6.04,13.77,3.97,3171,3.75,14000.1,24902
黑龙江省,2019年,24.44,39.97,8.9,18.68,4.98,3255,5.73,13962.5,24254
黑龙江省,2018年,27.82,46.25,9.39,19.37,5.12,3327,5.98,13205.7,22726
黑龙江省,2017年,28.67,48.12,9.22,19.69,5.19,3399,6.22,12659.5,21206
黑龙江省,2016年,30.63,52.21,9.05,18.72,4.91,3463,6.12,12280.9,19838
黑龙江省,2015年,31.82,55.37,8.27,18.98,4.98,3529,6,12023.2,18593
黑龙江省,2014年,35.23,61.77,8.68,18.73,4.88,3608,7.37,12357.1,17404
黑龙江省,2013年,37.66,65.14,10.18,17.83,4.65,3666,6.86,12017,15903
黑龙江省,2012年,34.56,59.14,9.98,15.68,4.09,3724,7.3,11171,14302
黑龙江省,2011年,33.27,55.6,10.94,14.95,3.89,3782,6.99,10074,12605
黑龙江省,2010年,30.9,53,8.8,13.8,3.6,3833,7.35,8434.7,10846
黑龙江省,2009年,30.39,51.93,8.84,12.61,,3826,7.48,7315.8,9643
黑龙江省,2008年,28.3,48.7,7.9,11.67,,3825,7.91,7215.1,8877
黑龙江省,2007年,25.2,43.85,6.56,10.71,,3824,7.88,6193.7,7656
黑龙江省,2006年,23.2,41,5.4,9.9,,3823,7.57,5386.1,6748
黑龙江省,2005年,22.8,39.6,6.1,9.6,,3820,7.87,4804.5,6048
黑龙江省,2004年,23.8,41.01,6.02,9.3,,3817,7.27,4180.3,
黑龙江省,2003年,20.5,34.8,5.4,7.7,,3815,7.48,3649.8,
黑龙江省,2002年,19.7,33.6,5,7.2,,3813,7.98,3278.2,
黑龙江省,2001年,22.62,39.27,5.19,7.59,,3811,8.48,3074.1,
上海市,2024年,9.02,12.8,5.24,5.18,2.09,2480,4.75,53759.5,88366
上海市,2023年,10.42,15.26,5.59,4.3,1.73,2487,3.95,51404.5,84834
上海市,2022年,7.2,10.04,4.37,3.04,1.23,2475,4.35,48594.5,79610
上海市,2021年,8.98,11.4,6.57,3.62,1.46,2489,4.67,47059.4,78027
上海市,2020年,9.22,11.05,7.39,6.64,2.7,2488,5.02,41603.9,72232
上海市,2019年,9.87,12.01,7.72,6.17,2.54,2481,7,40241.2,69442
上海市,2018年,10.51,13.88,7.14,5.9,2.44,2475,7.2,37769.1,64183
上海市,2017年,10.87,13.84,7.9,5.88,2.43,2466,8.1,34378.3,58988
上海市,2016年,12.52,15.92,9.13,8.26,3.41,2467,9,30963.9,54305
上海市,2015年,14.18,19.89,8.47,6.66,2.76,2458,7.52,27821.6,49867
上海市,2014年,14.19,20.14,8.25,6.15,2.54,2467,8.35,25964.5,45966
上海市,2013年,14.95,22.17,7.74,6.96,2.88,2448,8.18,23809.4,42174
上海市,2012年,14.42,22.96,5.88,5.28,2.22,2399,9.56,21774.9,38550
上海市,2011年,14.89,23.94,5.84,4.79,3.39,2356,6.97,20406.1,34731
上海市,2010年,13,20.1,6,4.7,2.08,2303,7.05,18319.6,30436
上海市,2009年,14.99,23.33,6.65,4.82,,2210,8.64,16181.4,27500
上海市,2008年,14.16,22.04,6.28,4.64,,2141,8.89,14877.1,25385
上海市,2007年,12.01,18.1,5.93,4.69,,2064,9.07,13179.8,22459
上海市,2006年,16.6,27.3,5.8,4.7,,1964,7.47,10825.4,19647
上海市,2005年,10.3,16.4,4.1,3.9,,1890,7.04,9398.8,17738
上海市,2004年,12.49,20.27,4.18,3.6,,1835,6,8309.4,
上海市,2003年,10.8,17.2,3.9,3.3,,1766,4.85,6952.5,
上海市,2002年,9.1,14.6,3.1,3,,1713,5.41,5908.1,
上海市,2001年,9.3,15.23,2.68,3.15,,1668,5.02,5348.1,
江苏省,2024年,35.61,58.93,12.29,21.17,2.48,8526,4.98,136696.9,55415
江苏省,2023年,45.28,75.89,14.68,21.36,2.51,8526,4.81,130924.3,52674
江苏省,2022年,41.2,68.81,13.58,17.59,2.07,8515,5.23,124564.2,49862
江苏省,2021年,46.7,77.74,15.65,17.98,2.12,8505,5.65,119853.2,47498
江苏省,2020年,49.24,75.08,23.39,27,3.26,8477,6.65,104566.6,43390
江苏省,2019年,56.94,83.85,30.04,29.95,3.71,8469,9.12,99836.9,41400
江苏省,2018年,63.77,97.3,30.24,28.48,3.54,8446,9.32,93456.3,38096
江苏省,2017年,67.55,106.29,28.81,28.78,3.59,8423,9.71,86512.9,35024
江苏省,2016年,71.61,116.28,26.94,26.13,3.27,8381,9.76,78261.2,32070
江苏省,2015年,78.6,132.21,25,22.93,2.87,8315,9.05,71876,29539
江苏省,2014年,83.45,141.84,25.06,21.83,2.75,8281,9.45,66228.3,27173
江苏省,2013年,90.38,158.2,22.55,21.66,2.73,8192,9.44,60505.2,24776
江苏省,2012年,88.76,159.03,18.5,18.12,2.29,8120,9.44,54658.4,22432
江苏省,2011年,86.75,152.53,20.98,16.68,2.23,8023,9.59,49689.5,19820
江苏省,2010年,75.9,137.6,14.1,16,2.04,7869,9.73,42175.2,17006
江苏省,2009年,73.09,129.51,16.66,14.37,,7810,9.55,35074.6,14653
江苏省,2008年,62.47,110.63,14.31,13.55,,7762,9.34,31445.7,13237
江苏省,2007年,57.14,99.93,14.36,12.67,,7723,9.37,26373.8,11574
江苏省,2006年,59.2,105.7,12.8,11,,7656,9.36,21525.1,9947
江苏省,2005年,47.2,84.7,9.7,9.7,,7588,9.24,18345.9,8712
江苏省,2004年,51.64,93.98,9,9.1,,7523,9.45,14998.7,
江苏省,2003年,46.1,85.8,6.2,6.9,,7458,9.04,12588.2,
江苏省,2002年,48.1,89.4,6.6,7,,7406,9.17,10723.9,
江苏省,2001年,44.43,83.25,5.35,6.01,,7359,9.03,9554.3,
浙江省,2024年,23.81,37.2,10.43,13.03,1.96,6670,6.17,90007,67013
浙江省,2023年,30.06,48.16,11.95,12.34,1.87,6627,5.8,85619.6,63830
浙江省,2022年,30.43,49.29,11.58,10.54,1.6,6577,6.28,80770,60302
浙江省,2021年,26.32,40.1,12.54,9.5,1.46,6540,6.9,76765.3,57541
浙江省,2020年,27.77,41.96,13.58,13.91,2.26,6468,7.13,67164.5,52397
浙江省,2019年,29.36,43.55,15.18,15.44,2.64,6375,10.51,64632,49899
浙江省,2018年,33.73,56.19,11.27,15.42,2.71,6273,11.02,59311.7,45840
浙江省,2017年,34.44,57.27,11.62,15.77,2.8,6170,11.92,53135.2,42046
浙江省,2016年,36.68,60.58,12.79,14.71,2.65,6072,11.22,48095.8,38529
浙江省,2015年,39.25,64.87,13.63,13.96,2.52,5985,10.52,44222,35537
浙江省,2014年,43.68,73.27,14.09,13.58,2.47,5890,10.51,40744.1,32658
浙江省,2013年,42.22,71.3,13.14,13.24,2.41,5784,10.01,38023.3,29775
浙江省,2012年,44.2,77.08,11.32,12.25,2.24,5685,10.12,34978.5,27020
浙江省,2011年,44.09,77.6,10.59,11.52,2.43,5570,9.47,32353.1,24195
浙江省,2010年,43.2,75.8,10.5,11.2,2.09,5447,10.27,27902.2,21159
浙江省,2009年,42.76,75.6,9.93,10.71,,5276,10.22,23227.5,18528
浙江省,2008年,41.38,75,7.75,9.72,,5212,10.2,21607.9,17073
浙江省,2007年,38.12,68.73,7.51,9.01,,5155,10.38,18914.7,15351
浙江省,2006年,41.6,75.8,7.5,8.3,,5072,10.29,15516.4,13550
浙江省,2005年,35.3,64.2,6.4,7.3,,4991,11.1,13212.6,12093
浙江省,2004年,39.92,72.17,6.77,6.9,,4925,10.71,11660.7,
浙江省,2003年,36.1,65.8,5.5,5.6,,4857,9.66,9892.6,
浙江省,2002年,36,65.5,5.6,4.6,,4776,9.98,8144.1,
浙江省,2001年,33.74,62.83,3.94,4.17,,4729,10.02,7003.4,
安徽省,2024年,28.44,43.47,13.42,17.16,2.8,6123,6.17,50646.7,36782
安徽省,2023年,35.54,53.07,18.01,18.18,2.97,6121,6.45,48227.5,34893
安徽省,2022年,33.89,50.93,16.84,14.63,2.39,6127,7.16,45525.1,32745
安徽省,2021年,42.05,62.52,21.59,14.65,2.4,6113,8.05,43102.8,30904
安徽省,2020年,47.18,70.99,23.37,23.78,3.81,6105,9.45,38628.8,28103
安徽省,2019年,54.16,83.3,25.01,25.01,3.93,6092,12.03,37584.8,26415
安徽省,2018年,61.91,95.09,28.74,24.38,3.88,6076,12.41,34377.3,23984
安徽省,2017年,67.38,105.33,29.42,24.21,3.89,6057,14.07,30141.8,21863
安徽省,2016年,71.34,114.17,28.5,21.72,3.54,6033,13.02,26801.2,19998
安徽省,2015年,73.91,124,23.82,18.12,2.95,6011,12.92,24142.7,18363
安徽省,2014年,79.89,136.88,22.9,17.1,2.82,5997,12.86,22880.7,16796
安徽省,2013年,80.56,140.12,21.01,15.62,2.59,5988,12.88,20888.2,15154
安徽省,2012年,76.49,134.95,18.03,13.37,2.23,5978,13,18613.7,13593
安徽省,2011年,71.14,126.36,15.92,11.95,1.75,5972,12.23,16532.7,11873
安徽省,2010年,65.2,104,26.4,11,1.82,5957,12.7,13474.6,9955
安徽省,2009年,61,111.84,10.17,9.3,,6131,13.07,11063.3,8683
安徽省,2008年,55.83,102.94,8.72,8.15,,6135,13.05,9691.2,7893
安徽省,2007年,53.2,98.28,8.12,7.43,,6118,12.75,8078,6724
安徽省,2006年,47.9,88.4,7.4,6.6,,6110,12.6,6602.6,5573
安徽省,2005年,44,83.4,4.7,5.8,,6120,12.43,5761.7,4777
安徽省,2004年,45.12,85.51,4.55,5.3,,6228,11.62,5210.9,
安徽省,2003年,42.3,81.5,3.2,4.3,,6163,11.15,4375,
安徽省,2002年,45.3,87.4,3,4,,6144,11.2,3882.3,
安徽省,2001年,52.31,101.67,2.75,4.08,,6128,12.46,3547.7,
福建省,2024年,15.16,23.16,7.15,9.17,2.19,4193,6.95,57476.6,47857
福建省,2023年,18.08,27.86,8.3,9.02,2.16,4183,6.81,54801.7,45426
福建省,2022年,16.62,25.64,7.6,7.54,1.8,4188,7.07,52099.6,43118
福建省,2021年,18.48,29.2,7.77,6.94,1.66,4187,8.26,49602.6,40659
福建省,2020年,20.56,32.1,9.02,10.68,2.63,4161,9.21,43682,37202
福建省,2019年,24.03,39.15,8.92,11.24,2.83,4137,12.9,42479.1,35616
福建省,2018年,27.36,45.83,8.9,10.69,2.72,4104,13.2,39204.8,32644
福建省,2017年,29.14,49.73,8.56,10.59,2.72,4065,15,34432.2,30048
福建省,2016年,31.46,53.99,8.94,9.63,2.51,4016,14.5,30199.2,27608
福建省,2015年,34.94,60.82,9.06,8.93,2.33,3984,13.9,27307.5,25404
福建省,2014年,37.53,68.02,7.04,8.73,2.3,3945,13.7,25329.4,23331
福建省,2013年,39.59,72.48,6.71,8.26,2.19,3885,12.2,22851.7,21218
福建省,2012年,38.19,69.07,7.31,7.49,2,3841,12.74,20510.8,19141
福建省,2011年,38.28,67.86,8.69,6.68,1.89,3784,11.41,18195.2,16909
福建省,2010年,38.2,65.1,11.3,6.1,1.66,3693,11.27,15236.6,14566
福建省,2009年,36.06,65.07,7.05,5.82,,3666,12.2,12625.1,12985
福建省,2008年,36.49,64.97,8.01,5.01,,3639,12.2,11104.2,11785
福建省,2007年,35.09,64.06,6.11,4.98,,3612,11.9,9474.3,10138
福建省,2006年,32.9,60.6,5.2,5.1,,3585,12,7586.2,8948
福建省,2005年,27.1,49.8,4.5,3.9,,3557,11.6,6506.9,8042
福建省,2004年,29.5,52.9,3,4.3,,3529,11.58,5792,
福建省,2003年,28,49.4,1.9,3.9,,3502,11.43,5067,
福建省,2002年,25.6,45.7,1.7,3,,3476,11.35,4524.4,
福建省,2001年,25.28,44.74,1.52,3.02,,3445,11.56,4120.9,
江西省,2024年,18.01,28.52,7.5,10.21,2.27,4502,6.65,34227.9,36007
江西省,2023年,22.16,35.5,8.83,10.59,2.34,4515,6.52,32677.1,34242
江西省,2022年,21.04,33.43,8.64,8.6,1.9,4528,7.19,31568.1,32419
江西省,2021年,24.38,38.31,10.45,7.99,1.77,4517,8.34,29838.2,30610
江西省,2020年,27.24,43.17,11.32,12.64,2.75,4519,9.48,25825.4,28017
江西省,2019年,28.87,46.34,11.39,13.19,2.83,4516,12.59,24724,26262
江西省,2018年,33.06,54.35,11.78,12.51,2.7,4513,13.43,23016.9,24080
江西省,2017年,28.91,47.73,10.09,11.08,2.41,4511,13.79,20497.6,22031
江西省,2016年,30.2,50.83,9.58,10.21,2.24,4496,13.45,18761.2,20110
江西省,2015年,30.62,52.77,8.46,9.52,2.08,4485,13.2,17031.1,18437
江西省,2014年,37.12,65.87,8.38,8.94,1.97,4480,13.24,15858.6,16734
江西省,2013年,39.37,71.38,7.37,8.61,1.9,4476,13.19,14473.4,15100
江西省,2012年,42.11,78.15,6.08,7.55,1.68,4475,13.46,12952.8,13567
江西省,2011年,37.3,70.37,4.23,7.01,1.49,4474,13.48,11717.4,11870
江西省,2010年,36.1,69.6,2.6,6.5,1.46,4462,13.72,9503.4,10217
江西省,2009年,40.81,73.83,7.78,6.15,,4432,13.87,7733,9094
江西省,2008年,39.12,71.97,6.28,5.6,,4400,13.92,7028.7,8208
江西省,2007年,35.62,66.52,4.71,5.12,,4368,13.86,5847.3,7097
江西省,2006年,31.6,59.4,3.7,4.5,,4339,13.8,4752.4,5894
江西省,2005年,29.5,55.4,3.7,3.9,,4311,13.79,3991.8,5223
江西省,2004年,29.61,56.03,2.84,4,,4284,13.61,3451.1,
江西省,2003年,26.9,50.8,2.8,2.9,,4254,14.07,2854.7,
江西省,2002年,28.3,54.1,2.2,2.8,,4222,14.74,2487.1,
江西省,2001年,29.39,54.88,3.56,2.61,,4186,15.44,2207.1,
山东省,2024年,35.3,50.42,20.19,21.71,2.15,10080,6.42,98406.9,42077
山东省,2023年,48.16,71.92,24.4,21.97,2.17,10123,6.01,94206.4,39890
山东省,2022年,42.06,61.21,22.9,18.52,1.82,10163,6.71,89519.4,37560
山东省,2021年,46.25,64.16,28.34,18.72,1.84,10170,7.38,84838,35705
山东省,2020年,48.74,66.9,30.59,25.96,2.57,10165,8.56,74355.9,32886
山东省,2019年,53.3,72.35,34.24,28.46,2.83,10106,11.77,72024.3,31597
山东省,2018年,59.9,83.96,35.85,27.45,2.74,10077,13.26,67864.4,29205
山东省,2017年,62.58,90.17,34.99,27.25,2.73,10033,17.54,63958.6,26930
山东省,2016年,67.07,99.51,34.63,25.45,2.58,9973,17.89,59702.6,24685
山东省,2015年,70.1,110.5,29.71,24.09,2.45,9866,12.55,56159.1,22703
山东省,2014年,83.18,135.83,30.54,23.41,2.4,9808,14.23,51552.7,20864
山东省,2013年,89.14,151.7,26.58,22.51,2.31,9746,11.41,48058.1,19008
山东省,2012年,93.33,164.07,22.59,19.67,2.03,9708,11.9,43584.3,17127
山东省,2011年,96.91,172.58,21.24,18.16,1.9,9665,11.5,39622,15077
山东省,2010年,92.5,164.9,20.1,16.8,1.76,9588,11.65,34429.4,12922
山东省,2009年,91.84,166.24,17.43,15.17,,9470,11.7,29957.2,11398
山东省,2008年,79.25,142.56,15.95,13.92,,9417,11.25,27460.2,10411
山东省,2007年,74.45,133.36,15.53,12.24,,9367,11.11,22994.5,9085
山东省,2006年,73.9,135,12.8,10.9,,9309,11.6,19184,7795
山东省,2005年,63.2,114.9,11.4,9.9,,9248,12.14,16120.9,6860
山东省,2004年,75.94,138.7,13,8.9,,9180,12.5,13456.2,
山东省,2003年,79.9,149.5,10.2,6.8,,9125,11.42,11028,
山东省,2002年,66.2,123,9.2,5.2,,9082,11.17,10192.6,
山东省,2001年,67.76,125.88,9.47,6.21,,9041,11.12,9172.3,
河南省,2024年,47.13,72.58,21.68,25.19,2.57,9785,7.78,63557.1,31552
河南省,2023年,57.4,96.77,18.03,27.07,2.75,9815,7.06,60627.7,29933
河南省,2022年,48.9,76.49,21.32,19.06,1.93,9872,7.42,58807.4,28222
河南省,2021年,59.65,92.12,27.18,19.99,2.02,9883,8,57806.9,26811
河南省,2020年,62.65,96.93,28.36,31.5,3.22,9941,9.24,54160.6,24810
河南省,2019年,76.45,120.45,32.44,35.65,3.7,9901,11.02,53739.3,23903
河南省,2018年,80.9,135.85,25.95,32.6,3.4,9864,11.72,50273.5,21964
河南省,2017年,86.97,163.4,10.54,31.66,3.32,9829,12.95,44586.5,20170
河南省,2016年,96.9,185.1,8.7,27.75,2.93,9778,13.26,40167.7,18443
河南省,2015年,109.44,211.67,7.2,25.23,2.66,9701,12.7,36798.2,17125
河南省,2014年,117.58,228.59,6.57,23.09,2.45,9645,12.8,34611.2,15695
河南省,2013年,126.24,246.75,5.73,20.95,2.23,9573,12.27,31621.4,14204
河南省,2012年,119.13,229.26,9,16,1.7,9532,11.87,28878.5,12772
河南省,2011年,106.31,202.84,9.77,13.8,1.28,9461,11.56,26212.2,11206
河南省,2010年,101.4,193.2,9.6,13.4,1.42,9405,11.52,22568.2,9520
河南省,2009年,85.88,164.21,7.56,12.44,,9487,11.45,19077.1,8426
河南省,2008年,71.86,137.58,6.15,11.77,,9429,11.42,17541.9,7637
河南省,2007年,60.1,113.58,6.61,11.21,,9360,11.26,14773.2,6493
河南省,2006年,54.8,103.2,6.4,10,,9392,11.59,11974.6,5409
河南省,2005年,51.3,96.4,6.2,9.1,,9380,11.55,10199.5,4668
河南省,2004年,50.62,95.62,5.35,8.7,,9717,11.67,8493.5,
河南省,2003年,57,108.4,5.3,6.7,,9667,12.1,7017.1,
河南省,2002年,61.1,116.3,5.6,6.2,,9613,12.41,6094.2,
河南省,2001年,61.21,116.69,5.52,6.79,,9555,13.2,5586.6,
湖北省,2024年,23.02,35.08,10.96,14.19,2.43,5834,5.38,59644.3,36947
湖北省,2023年,29.33,46.72,11.94,15.3,2.62,5838,5.48,56794.3,35146
湖北省,2022年,28.43,45.38,11.47,13.02,2.23,5844,6.08,53445.4,32914
湖北省,2021年,31.56,49.86,13.26,12.63,2.18,5830,6.98,50093.3,30829
湖北省,2020年,31.53,49.9,13.16,19.34,3.3,5745,8.28,43017.6,27881
湖北省,2019年,38.93,63.15,14.72,21.21,3.58,5927,11.35,45557,28319
湖北省,2018年,43.78,74.92,12.64,20.1,3.4,5917,11.54,42425.5,25815
湖北省,2017年,47.21,85.31,9.11,19.93,3.38,5904,12.6,37624.2,23757
湖北省,2016年,51.38,97.2,5.57,18.31,3.13,5885,12.04,33767.6,21787
湖北省,2015年,57.3,107.99,6.61,16.69,2.85,5850,10.74,30661.6,20026
湖北省,2014年,62.19,118.23,6.16,15.74,2.71,5816,11.86,28805.9,18283
湖北省,2013年,64.58,120.13,9.02,15.09,2.6,5798,11.08,25851.7,16472
湖北省,2012年,61.59,115.54,7.64,13.56,2.35,5781,11,22921,14809
湖北省,2011年,62.69,116.98,8.41,12.46,2.03,5760,10.39,20228.3,12941
湖北省,2010年,57.1,106.9,7.3,11.6,2.03,5728,10.36,16489.1,11069
湖北省,2009年,56.54,105.89,7.19,10.89,,5720,9.48,13422.6,9496
湖北省,2008年,54.23,102.55,5.9,10.38,,5711,9.21,11707.8,8643
湖北省,2007年,48.53,89.68,7.38,9.27,,5699,9.19,9601.8,7430
湖北省,2006年,44.6,82.2,6.9,8.2,,5693,9.08,7636.7,6304
湖北省,2005年,39.4,71.7,7.1,7.6,,5710,8.74,6548.8,5628
湖北省,2004年,38.15,70.56,5.23,7,,5698,8.43,5619.2,
湖北省,2003年,32.9,61,4.4,5.3,,5685,8.26,4818.8,
湖北省,2002年,32.3,60.5,3.8,4.5,,5672,8.38,4263,
湖北省,2001年,33.74,63.22,3.87,4.96,,5658,8.51,3921.5,
湖南省,2024年,23.26,33.93,12.58,15.86,2.42,6539,5.89,53084.7,37679
湖南省,2023年,30.27,45.49,15.06,16.57,2.52,6568,6,50667.5,35895
湖南省,2022年,28.44,46.49,10.39,14.12,2.14,6604,6.23,47957.9,34036
湖南省,2021年,30.17,45.42,14.92,12.94,1.95,6622,7.13,45751.9,31993
湖南省,2020年,35.75,52.99,18.51,21.34,3.15,6645,8.53,41693.7,29380
湖南省,2019年,38.03,54.77,21.3,22.04,3.19,6640,10.39,39930.7,27680
湖南省,2018年,42.16,62.65,21.66,21.32,3.1,6635,12.19,36629.3,25241
湖南省,2017年,45.77,69.9,21.65,20.76,3.03,6633,13.27,34127.7,23103
湖南省,2016年,49.94,78.67,21.2,19.35,2.85,6625,13.57,31225,21115
湖南省,2015年,54.27,89.25,19.28,18.09,2.67,6615,13.58,28811.7,19317
湖南省,2014年,62.2,106.07,18.33,17.6,2.62,6611,13.52,26309.1,17622
湖南省,2013年,62.06,107.04,17.07,16.73,2.5,6600,13.5,23916.3,16005
湖南省,2012年,64.38,113.77,14.98,15.54,2.34,6590,13.58,21513.7,14391
湖南省,2011年,65.87,116.93,14.81,14.8,2.09,6581,13.35,19176.4,12612
湖南省,2010年,63.5,113.5,13.4,13.8,2.13,6570,13.1,15814.9,10861
湖南省,2009年,65.29,116.93,13.64,13.16,,6406,13.05,12965.9,9745
湖南省,2008年,57.62,104.92,10.31,12.12,,6380,12.68,11466.6,8804
湖南省,2007年,49.13,90.2,8.06,10.6,,6355,11.96,9409.9,7587
湖南省,2006年,48.9,90.4,7.3,9.3,,6342,11.92,7529.2,6364
湖南省,2005年,46,83.8,8.1,9.6,,6326,11.9,6451.7,5664
湖南省,2004年,42.57,78.2,6.35,8.1,,6698,11.89,5619.6,
湖南省,2003年,38.4,69.6,6.3,5.9,,6663,11.82,4726.9,
湖南省,2002年,36.6,66.7,5.5,5.4,,6629,11.56,4207.2,
湖南省,2001年,36.57,66.71,5.5,5.81,,6596,11.8,3877.1,
广东省,2024年,51.19,83.19,19.19,24.16,1.9,12780,8.89,141488.9,51474
广东省,2023年,63.22,107.11,19.33,22.61,1.78,12706,8.12,137905.4,49327
广东省,2022年,57.31,96.88,17.73,18.45,1.46,12657,8.3,132547.1,47065
广东省,2021年,59.11,98.74,19.49,16.72,1.32,12684,9.35,127577.4,44993
广东省,2020年,63.33,106.52,20.15,24.58,2.04,12624,10.28,113708.9,41029
广东省,2019年,67.45,114.35,20.56,24.81,2.15,12489,12.54,110468.1,39014
广东省,2018年,71.38,122.31,20.45,22.88,2.03,12348,12.79,101875.9,35810
广东省,2017年,75.81,130.41,21.22,22.03,1.99,12141,13.68,93004.8,33003
广东省,2016年,78.61,136.53,20.69,21.19,1.95,11908,11.85,83493.4,30296
广东省,2015年,84.04,150.18,17.9,19.34,1.78,11678,11.12,75820.8,27859
广东省,2014年,89.15,162.01,16.28,17.79,1.67,11489,10.8,69593.4,25685
广东省,2013年,87.47,159.49,15.46,17.7,1.66,11270,10.71,63757.3,23421
广东省,2012年,87.07,159.78,14.37,15.54,1.47,11041,11.6,58057.6,21268
广东省,2011年,86.36,159.34,13.38,14.14,1.66,10756,10.45,54009.6,18916
广东省,2010年,85.7,158.3,13.1,12.7,1.23,10441,11.18,46821.3,16579
广东省,2009年,86.45,161.42,11.48,11.91,,10130,11.78,40215.7,14728
广东省,2008年,79.64,149.51,9.76,10.56,,9893,11.8,37351.5,13605
广东省,2007年,74.95,140.42,9.48,9.47,,9660,11.96,32308.5,12238
广东省,2006年,75.3,142.2,8.4,8.9,,9442,11.78,26403.1,11147
广东省,2005年,58.9,111.6,6.3,8.1,,9194,11.7,22366.1,10150
广东省,2004年,62.13,117.35,5.07,7.3,,9111,13.13,18994,
广东省,2003年,57.9,109.1,4.9,6,,8963,13.66,16286.6,
广东省,2002年,49.7,92.3,5.1,5.1,,8842,13.29,13848.6,
广东省,2001年,51.93,96.81,4.74,5.16,,8733,13.95,12319.2,
广西壮族自治区,2024年,20.82,32.38,9.26,10.93,2.18,5013,8.37,28694.1,31125
广西壮族自治区,2023年,25.17,39.87,10.48,25.17,2.3,5027,8.04,27501.7,29514
广西壮族自治区,2022年,24.87,42.45,7.29,10.03,1.99,5047,8.51,26419.7,27981
广西壮族自治区,2021年,27.28,43.81,10.75,9.51,1.89,5037,9.68,25311.5,26727
广西壮族自治区,2020年,29.72,47.69,11.76,13.67,2.74,5019,11.36,22250.7,24562
广西壮族自治区,2019年,33.03,53.27,12.8,14.27,2.88,4982,13.31,21341.5,23328
广西壮族自治区,2018年,36.19,59.94,12.43,12.87,2.62,4947,14.12,19951.7,21485
广西壮族自治区,2017年,37.94,64.16,11.73,12,2.47,4907,15.14,18071.7,19905
广西壮族自治区,2016年,39.4,67.47,11.32,11.28,2.35,4857,13.82,16417.2,18305
广西壮族自治区,2015年,42.13,74,10.26,10.44,2.18,4811,14.05,15030.2,16873
广西壮族自治区,2014年,47.23,84.54,9.91,10.09,2.13,4770,14.07,13856.7,15557
广西壮族自治区,2013年,47.19,86.38,8,9.32,1.97,4731,14.28,12680.6,14082
广西壮族自治区,2012年,49.17,90.45,7.89,8.59,1.83,4694,14.2,11496.6,12644
广西壮族自治区,2011年,49.33,91.78,6.87,7.76,1.45,4655,13.71,10472.7,11054
广西壮族自治区,2010年,52.7,98.6,6.8,7.3,1.54,4610,14.13,8712,9739
广西壮族自治区,2009年,51.56,96.32,6.81,6.56,,4856,14.17,7243.4,8655
广西壮族自治区,2008年,50.28,94.71,5.85,5.93,,4816,14.4,6561.9,7839
广西壮族自治区,2007年,48.01,91.03,4.99,5.31,,4768,14.19,5556.4,6614
广西壮族自治区,2006年,39,73.7,4.2,4.7,,4719,14.44,4479.8,5353
广西壮族自治区,2005年,31.8,59.7,3.9,4.8,,4660,14.26,3789.5,4870
广西壮族自治区,2004年,34.43,64.94,3.27,4,,4889,13.32,3348.9,
广西壮族自治区,2003年,29.8,56.6,2.6,3.3,,4857,13.86,2833.6,
广西壮族自治区,2002年,28.6,54.2,2.2,2.9,,4822,13.3,2552.8,
广西壮族自治区,2001年,29.99,56.88,2.27,3.09,,4788,13.8,2302.8,
海南省,2024年,4.68,7.49,1.87,2.14,2.05,1048,9.37,7972.7,34829
海南省,2023年,5.69,9.37,2.01,2.1,2.03,1043,9.28,7590.2,33192
海南省,2022年,5.14,8.54,1.74,1.52,1.48,1027,8.6,6912.8,30957
海南省,2021年,6.01,10.06,1.96,1.53,1.51,1020,9.74,6508.9,30457
海南省,2020年,6.12,10.35,1.89,2.3,2.35,1012,10.36,5640.8,27904
海南省,2019年,6.56,11.28,1.83,2.15,2.27,995,12.87,5442.1,26679
海南省,2018年,7.27,12.73,1.82,1.96,2.1,982,14.48,5004.2,24579
海南省,2017年,7.58,13.57,1.59,1.78,1.93,972,14.73,4552.9,22553
海南省,2016年,7.83,14.09,1.56,1.66,1.83,957,14.57,4151,20653
海南省,2015年,8.31,15.13,1.48,1.51,1.66,945,14.57,3782.7,18979
海南省,2014年,9,16.63,1.38,1.41,1.57,936,14.56,3541.2,17476
海南省,2013年,9.12,16.94,1.3,1.32,1.47,920,14.59,3201.9,15733
海南省,2012年,9.94,18.7,1.18,1.21,1.36,910,14.66,2863.6,14180
海南省,2011年,11.52,21.43,1.61,1.09,1.22,890,14.72,2525.1,12392
海南省,2010年,11.3,21.2,1.5,0.9,1.04,869,14.71,2073.7,10342
海南省,2009年,13,24.56,1.43,1.09,,864,14.66,1652.2,9151
海南省,2008年,10.42,19.3,1.54,0.74,,854,14.71,1502,8325
海南省,2007年,6.35,11.76,0.94,0.66,,845,14.62,1252.8,7186
海南省,2006年,5.4,9.9,0.9,0.6,,836,14.59,1040.3,6084
海南省,2005年,4.1,7.5,0.7,0.6,,828,14.65,896.1,5322
海南省,2004年,3.89,6.94,0.63,0.5,,818,14.77,813.1,
海南省,2003年,3.5,6.3,0.4,0.4,,811,14.68,722.6,
海南省,2002年,3.2,5.9,0.3,0.4,,803,15.2,650,
海南省,2001年,3.57,6.54,0.31,0.4,,796,15.23,585.3,
重庆市,2024年,14.68,19.86,9.49,10.32,3.24,3190,5.99,32046.7,39713
重庆市,2023年,18.37,25.32,11.41,10.72,3.35,3191,5.58,30614.3,37595
重庆市,2022年,17.4,23.64,11.17,8.97,2.79,3213,5.98,28771.8,35666
重庆市,2021年,19.68,25.37,14,9.04,2.82,3212,6.49,28092.5,33803
重庆市,2020年,21.09,29.42,12.76,14.41,4.55,3209,7.47,25158.1,30824
重庆市,2019年,23.83,30.37,17.3,15.62,5,3188,10.48,23689.6,28920
重庆市,2018年,25.88,34.26,17.5,15.33,4.96,3163,11.02,21866.8,26386
重庆市,2017年,26.6,35.35,17.85,15.08,4.93,3144,11.18,20260.8,24153
重庆市,2016年,27.85,38.06,17.64,13.9,4.6,3110,11.77,18271.1,22034
重庆市,2015年,29.26,41.28,17.24,13.73,4.55,3070,11.05,16305.9,20110
重庆市,2014年,30.45,43.26,17.64,13.26,4.45,3043,10.67,14911.7,18352
重庆市,2013年,30.31,44.1,16.52,13.37,4.5,3011,10.37,13275.8,16569
重庆市,2012年,29.85,43.29,16.41,12.57,4.27,2975,10.86,11797.8,14924
重庆市,2011年,30.48,44.98,15.99,12.35,3.74,2944,9.88,10314.1,13037
重庆市,2010年,31.3,47.6,15.1,11.3,3.93,2885,9.17,8186.5,10984
重庆市,2009年,30.11,45.07,15.15,10.14,,2859,9.9,6744.1,9688
重庆市,2008年,26.23,41.56,10.91,9.17,,2839,10.1,5978.8,8756
重庆市,2007年,23.89,38.41,9.37,9.2,,2816,10.1,4837.5,7520
重庆市,2006年,21.9,34.5,0.9,8.2,,2808,9.9,3949,6632
重庆市,2005年,18.5,29.5,7.4,7.3,,2798,9.4,3491.6,5942
重庆市,2004年,19.03,30.66,7.08,6.6,,2793,9.45,3103.2,
重庆市,2003年,18,30.8,4.9,5.2,,2803,9.89,2654.4,
重庆市,2002年,17.4,30.4,4.1,4.4,,2814,9.36,2310.3,
重庆市,2001年,17.81,30.89,4.24,4.74,,2829,9.7,2038.9,
四川省,2024年,39.44,56.55,22.33,23.87,2.85,8364,6.41,64537.9,34325
四川省,2023年,48.02,70.29,25.75,25.16,3.01,8368,6.32,61353.4,32514
四川省,2022年,46.39,67.31,25.47,21.67,2.59,8374,6.39,57609.4,30679
四川省,2021年,51.16,72.9,29.42,19.82,2.37,8372,6.85,55131.3,29080
四川省,2020年,53.65,76.63,30.67,30.03,3.59,8371,7.6,49445.1,26522
四川省,2019年,61.32,88.53,34.12,31.94,3.81,8351,10.7,47168.6,24703
四川省,2018年,66.9,98.63,35.18,31.26,3.76,8321,11.05,43539,22461
四川省,2017年,68.95,102.99,34.92,31.17,3.76,8289,11.26,38517.1,20580
四川省,2016年,72.71,109.36,36.07,29.62,3.61,8251,10.48,33879.2,18808
四川省,2015年,74.15,113.84,34.46,28.62,3.49,8196,10.3,30829.1,17221
四川省,2014年,77.42,120.92,33.93,27.5,3.38,8139,10.22,29357.5,15749
四川省,2013年,77.68,124.22,31.15,26.83,3.31,8109,9.9,26858.4,14231
四川省,2012年,74.83,121.12,28.54,25.1,3.11,8085,9.89,24224.9,12753
四川省,2011年,74.98,124.33,25.64,23.15,2.57,8064,9.79,21313.1,11130
四川省,2010年,71.5,119.7,23.3,22.1,2.72,8045,8.93,17466.7,9373
四川省,2009年,71,120.58,21.42,19.97,,8185,9.15,14396.2,8214
四川省,2008年,62.78,105.94,19.62,18.58,,8138,9.54,12941.4,7413
四川省,2007年,53.23,89.47,17,16.7,,8127,9.21,10694.5,6322
四川省,2006年,45.2,76.1,14.3,14.8,,8169,9.14,8602.1,5247
四川省,2005年,40.8,69.4,12.3,14.1,,8212,9.7,7287.4,4703
四川省,2004年,44.29,75.85,12.2,13.1,,8090,9.05,6395.8,
四川省,2003年,40.5,71.5,9,10.7,,8176,9.18,5422.7,
四川省,2002年,43.2,76.1,9.7,10.3,,8110,10.44,4790.5,
四川省,2001年,44.05,78.39,9.1,10.03,,8143,11.16,4350.5,
贵州省,2024年,26.12,39.97,12.28,13.61,3.52,3860,10.74,22645.7,28561
贵州省,2023年,29.46,45.47,13.45,14.13,3.66,3865,10.65,21513.7,27098
贵州省,2022年,29.38,45.53,13.24,12.02,3.12,3856,11.03,20579.5,25508
贵州省,2021年,29.28,44.57,13.98,10.7,2.78,3852,12.17,19921.3,23996
贵州省,2020年,31.76,49.75,13.77,16.12,4.31,3858,13.7,18308.3,21795
贵州省,2019年,36.24,57.71,14.77,16.61,4.59,3848,13.65,17251.8,20397
贵州省,2018年,40.03,67.18,12.88,15.17,4.22,3822,13.9,15886.6,18430
贵州省,2017年,40.36,77.27,3.44,13.45,3.77,3803,13.98,14067.3,16704
贵州省,2016年,45.32,86.7,3.94,12.1,3.43,3758,13.43,12133.9,15121
贵州省,2015年,49.26,95.3,3.22,10.84,3.07,3708,13,10887.1,13697
贵州省,2014年,43.72,85.22,2.22,9.57,2.73,3677,12.98,9297.5,12371
贵州省,2013年,42.98,83.54,2.43,8.57,2.45,3632,13.05,8079.9,11083
贵州省,2012年,41.78,78.07,5.5,8.12,2.33,3587,13.27,6828.1,9850
贵州省,2011年,37.34,67.93,6.75,7.22,1.72,3530,13.31,5690.5,8594
贵州省,2010年,37.5,69.3,5.8,6.4,1.82,3479,13.96,4583.7,7226
贵州省,2009年,30.79,56.76,4.82,5.8,,3537,13.65,3910.7,6099
贵州省,2008年,26.32,48.6,4.04,5.12,,3596,13.49,3551.3,5533
贵州省,2007年,23.49,43.22,3.77,4.58,,3632,13.28,2883,4817
贵州省,2006年,21.3,39.4,3.3,4.2,,3690,13.97,2292.3,4016
贵州省,2005年,21.1,38.2,4.1,3.8,,3730,14.59,1964.2,3625
贵州省,2004年,22.36,41.53,3.05,3.7,,3904,15.08,1672.7,
贵州省,2003年,23.4,44.7,2,2.8,,3870,15.91,1449,
贵州省,2002年,24.6,47.1,1.9,2.3,,3837,17.96,1260.4,
贵州省,2001年,26.81,51.8,51.8,2.82,,3799,18.56,1147.1,
云南省,2024年,26.24,40.42,12.06,12.4,2.66,4655,8.62,31423.4,29932
云南省,2023年,28.81,44.51,13.11,12.66,2.7,4673,8.22,30595.8,28421
云南省,2022年,27.38,41.96,12.8,11.11,2.37,4693,8.14,29301.1,26937
云南省,2021年,29.98,45.43,14.53,9.86,2.1,4690,9.35,27895.3,25666
云南省,2020年,32.79,49.47,16.11,14.3,2.99,4722,10.96,25214.5,23295
云南省,2019年,35.92,54.11,17.72,14.45,2.97,4714,12.63,23902.1,22082
云南省,2018年,37.76,58.02,17.49,13.33,2.77,4703,13.19,21427.5,20084
云南省,2017年,40.28,64.3,16.25,12.71,2.66,4693,13.53,18864.6,18348
云南省,2016年,44.61,74.41,14.81,11.93,2.52,4677,13.16,16773.6,16720
云南省,2015年,45.82,78.29,13.36,10.91,2.3,4663,12.88,15358.6,15223
云南省,2014年,46.48,81.47,11.5,10.05,2.14,4653,12.65,14275.1,13772
云南省,2013年,45.21,80.44,9.98,9.13,1.95,4641,12.6,13027,12578
云南省,2012年,41.95,76.55,7.35,8.21,1.76,4631,12.63,11266.3,11233
云南省,2011年,39.07,71.96,6.18,7.43,1.64,4620,12.71,9666.2,9739
云南省,2010年,40.2,74,6.5,6.9,1.5,4602,13.1,7869.9,8184
云南省,2009年,34.29,62.87,5.72,6.08,,4571,12.53,6690.2,7170
云南省,2008年,32.27,58.97,5.58,5.59,,4543,12.63,6120.6,6492
云南省,2007年,29.74,54.67,4.8,5.11,,4514,13.08,5166,5469
云南省,2006年,25.4,46.6,4.3,4.7,,4483,13.2,4157.7,4664
云南省,2005年,25.1,45.7,4.5,4.7,,4450,14.72,3553.3,4197
云南省,2004年,26.42,48.66,4.06,4.3,,4415,15.6,3185.3,
云南省,2003年,26.5,49.8,3.1,3.9,,4376,17,2673.6,
云南省,2002年,28.5,53.9,53.9,3.6,,4333,17.9,2392,
云南省,2001年,28.33,53.72,2.81,3.72,,4287,18.51,2186.4,
西藏自治区,2024年,2.76,4.97,0.56,0.68,1.84,370,13.87,2789.1,31358
西藏自治区,2023年,2.95,5.41,0.49,0.7,1.93,365,13.72,2532.9,28983
西藏自治区,2022年,2.47,4.59,0.35,0.46,1.26,364,14.24,2235.4,26675
西藏自治区,2021年,3.48,6.51,0.46,0.54,1.48,366,14.17,2145.1,24950
西藏自治区,2020年,3.42,6.67,0.17,0.63,1.75,366,13.96,1956.5,21744
西藏自治区,2019年,3.12,6.06,0.18,0.53,1.5,361,14.6,1750.3,19501
西藏自治区,2018年,3.01,5.84,0.18,0.47,1.37,354,15.22,1583.5,17286
西藏自治区,2017年,3.41,6.68,0.14,0.4,1.2,349,16,1381,15457
西藏自治区,2016年,3.01,5.76,0.26,0.35,1.08,340,15.79,1197.4,13639
西藏自治区,2015年,1.54,2.93,0.16,0.24,0.73,330,15.75,1063.6,12254
西藏自治区,2014年,1.96,3.54,0.38,0.26,0.84,325,15.76,954.8,10730
西藏自治区,2013年,1.16,2.28,0.04,0.18,0.57,317,15.77,840.3,9740
西藏自治区,2012年,1.39,2.69,0.09,0.13,0.43,315,15.48,721.1,8568
西藏自治区,2011年,1.36,2.65,0.08,0.2,0.68,309,15.39,620.8,7510
西藏自治区,2010年,1.3,2.4,0.2,0.2,0.67,300,15.8,521.4,6628
西藏自治区,2009年,1.36,2.48,0.24,0.17,,296,15.31,453,5807
西藏自治区,2008年,0.83,1.54,0.11,0.13,,292,15.5,405.2,5249
西藏自治区,2007年,0.78,1.44,0.12,0.15,,289,16.4,349.8,4609
西藏自治区,2006年,0.6,1.1,0.1,0.1,,285,17.4,290.6,3828
西藏自治区,2005年,0.6,1.1,0.1,0.1,,280,17.94,247,3630
西藏自治区,2004年,0.46,0.87,,0.1,,276,17.4,220.9,
西藏自治区,2003年,0.54,0.9,0.09,0.1,,272,17.4,188.2,
西藏自治区,2002年,0.6,1.1,0.1,0.1,,268,18.83,164,
西藏自治区,2001年,0.6,1.15,0.06,0.08,,264,18.6,140.7,
陕西省,2024年,16.84,24.67,9.02,9.12,2.31,3953,7.36,35437.1,33905
陕西省,2023年,23.5,36.25,10.75,9.59,2.43,3952,6.83,33976.5,32128
陕西省,2022年,20.04,30.51,9.58,7.99,2.02,3956,7.36,33035.6,30116
陕西省,2021年,22.1,33.01,11.2,8.17,2.07,3954,7.89,30476.6,28568
陕西省,2020年,23.62,35.17,12.07,12.79,3.27,3955,8.95,26297,26226
陕西省,2019年,27.19,40.98,13.39,13.67,3.53,3944,10.55,26214.5,24666
陕西省,2018年,30.04,46.75,13.33,12.84,3.34,3931,10.67,24354.8,22528
陕西省,2017年,30.06,48.27,11.85,10.88,2.84,3904,11.11,21776.1,20635
陕西省,2016年,33.24,54.49,11.99,10.14,2.67,3874,10.64,19354.6,18874
陕西省,2015年,35.6,59.85,11.35,9.73,2.57,3846,10.1,18188.3,17395
陕西省,2014年,38.12,65.56,10.69,8.51,2.26,3827,10.13,17635.6,15837
陕西省,2013年,39.57,68.89,10.25,8.06,2.14,3804,10.01,16106.3,14372
陕西省,2012年,37.36,65.62,9.11,7.1,1.89,3787,10.12,14311.5,12885
陕西省,2011年,36.93,65.62,8.24,6.82,1.76,3765,9.75,12320.1,11229
陕西省,2010年,34.7,61.8,7.5,6.4,1.72,3735,9.73,9973,9412
陕西省,2009年,31.94,58.75,5.13,5.52,,3727,10.24,8094.9,8122
陕西省,2008年,31.85,57.98,5.73,5.36,,3718,10.29,7256.8,7263
陕西省,2007年,27.64,49.6,5.67,5,,3708,10.21,5739.7,5974
陕西省,2006年,25.5,46.1,4.9,4.3,,3699,10.19,4642.1,5029
陕西省,2005年,20.8,38.1,3.5,4,,3690,10.02,3857.4,4395
陕西省,2004年,20.56,37.08,3.94,4.1,,3681,10.59,3178.4,
陕西省,2003年,19,35.6,2.5,3.4,,3672,10.67,2618.8,
陕西省,2002年,18.9,34.9,2.8,3.2,,3662,10.48,2281.1,
陕西省,2001年,20.38,36.89,3.78,3.44,,3653,10.5,2034.1,
甘肃省,2024年,13.02,21.73,4.31,5.31,2.16,2458,8,13020.5,26612
甘肃省,2023年,16.42,27.78,5.07,5.79,2.34,2465,7.71,12345.7,25011
甘肃省,2022年,13.42,22.47,4.37,4.09,1.64,2492,8.47,11553.6,23273
甘肃省,2021年,16.41,27.57,5.25,4.25,1.7,2490,9.68,10608,22066
甘肃省,2020年,17.79,28.84,6.74,5.9,2.29,2501,10.55,9323.1,20335
甘肃省,2019年,19.85,32.38,7.33,6.22,2.35,2509,10.6,9053.3,19139
甘肃省,2018年,21.07,38.4,3.73,5.78,2.2,2515,11.07,8364.7,17488
甘肃省,2017年,19.79,38.33,1.25,5.41,2.07,2522,12.54,7642.6,16011
甘肃省,2016年,21.91,42.55,1.27,5.03,1.94,2520,12.18,7207.1,14670
甘肃省,2015年,22.03,42.65,1.42,4.62,1.78,2523,12.36,6793.4,13467
甘肃省,2014年,20.18,39.19,1.17,4.22,1.63,2531,12.21,6629.4,12185
甘肃省,2013年,18.65,35.92,1.37,3.85,1.49,2537,12.16,6108.3,10954
甘肃省,2012年,16.75,31.87,1.64,3.29,1.28,2550,12.11,5469.1,9768
甘肃省,2011年,16.91,31.68,2.14,3.07,1.13,2552,12.08,4880.7,8463
甘肃省,2010年,14.2,27,1.5,2.8,1.09,2560,12.05,3987.7,7358
甘肃省,2009年,12.24,23.33,1.15,2.47,,2555,13.32,3313.8,6454
甘肃省,2008年,11.8,22.33,1.28,2.4,,2551,13.22,3112.5,5782
甘肃省,2007年,11.58,21.86,1.3,2.2,,2548,13.14,2707.3,5037
甘肃省,2006年,13.3,24.5,2,2.3,,2547,12.86,2230,4428
甘肃省,2005年,11.5,21,1.9,2.3,,2545,12.59,1890.9,3962
甘肃省,2004年,12.12,22.52,1.7,2.1,,2541,12.43,1675.7,
甘肃省,2003年,11.8,22.2,1.5,1.9,,2537,12.58,1417.3,
甘肃省,2002年,12.2,22.7,1.7,1.7,,2531,13.16,1246.2,
甘肃省,2001年,12.61,23.94,1.27,1.95,,2523,13.58,1135.1,
青海省,2024年,3.89,6.14,1.65,1.62,2.72,593,10.11,3965.5,30117
青海省,2023年,4.71,7.54,1.87,1.79,3.01,594,9.25,3849.2,28587
青海省,2022年,3.37,5.42,1.31,1.14,1.92,595,10.6,3677.4,27000
青海省,2021年,4.57,7.35,1.78,1.35,2.28,594,11.22,3446.3,25919
青海省,2020年,5.19,8.51,1.86,1.83,3.05,593,11.43,3080.6,24037
青海省,2019年,5.77,9.66,1.88,1.85,3.04,590,13.66,3020.2,22618
青海省,2018年,5.73,9.61,1.85,1.71,2.85,587,14.31,2799.9,20757
青海省,2017年,5.97,10.27,1.67,1.64,2.76,586,14.42,2517,19001
青海省,2016年,6.12,10.83,1.41,1.52,2.58,582,14.7,2310.7,17302
青海省,2015年,5.11,9.21,1,1.28,2.17,577,14.72,2054.3,15813
青海省,2014年,5.4,9.95,0.85,1.25,2.16,576,14.67,1875.1,14374
青海省,2013年,4.75,8.48,1.01,1.08,1.87,571,14.16,1736.1,12948
青海省,2012年,4.57,7.88,1.26,1.07,1.86,571,14.3,1547.9,11470
青海省,2011年,4.17,7.46,0.87,0.94,1.7,568,14.43,1388.3,10024
青海省,2010年,3,5.4,0.5,0.8,1.43,563,14.94,1160.8,8659
青海省,2009年,2.97,5.44,0.51,0.76,,557,14.51,953.3,7553
青海省,2008年,3.38,6.09,0.67,0.75,,554,14.49,909.2,6808
青海省,2007年,3.12,5.54,0.7,0.83,,552,14.93,729.4,5916
青海省,2006年,3.1,5.4,0.9,0.8,,548,15.24,592.7,5113
青海省,2005年,2.9,5.2,0.5,0.8,,543,15.7,506,4587
青海省,2004年,3.02,5.52,0.51,0.8,,539,16.32,450,
青海省,2003年,3.3,6.1,0.5,0.7,,534,16.94,390.4,
青海省,2002年,3.4,6.2,0.6,0.6,,529,18.05,345.1,
青海省,2001年,3.31,6.14,0.47,0.69,,523,19.06,303.6,
宁夏回族自治区,2024年,3.98,6.14,1.82,2.07,2.83,729,10.97,5520.2,33355
宁夏回族自治区,2023年,5.07,7.99,2.14,2.1,2.89,729,10.02,5368.8,31604
宁夏回族自治区,2022年,4.16,6.52,1.8,1.65,2.26,728,10.6,5168.1,29599
宁夏回族自治区,2021年,4.87,7.66,2.08,1.67,2.31,725,11.62,4666.5,27904
宁夏回族自治区,2020年,4.94,7.72,2.15,2.07,2.93,721,11.59,4036.2,25735
宁夏回族自治区,2019年,6.09,9.86,2.32,2.44,3.51,717,13.72,3841.5,24412
宁夏回族自治区,2018年,6.07,9.95,2.2,2.28,3.33,710,13.32,3580.6,22400
宁夏回族自治区,2017年,6.03,9.91,2.16,2.22,3.27,705,13.44,3271.6,20562
宁夏回族自治区,2016年,6.2,10.3,2.11,1.95,2.92,695,13.69,2853.3,18832
宁夏回族自治区,2015年,6.09,10.31,1.87,1.81,2.64,684,12.62,2644.7,17329
宁夏回族自治区,2014年,5.6,9.73,1.46,1.58,2.4,678,13.1,2516.4,15907
宁夏回族自治区,2013年,6.38,11.54,1.22,1.59,2.43,666,13.12,2364.9,14566
宁夏回族自治区,2012年,6.07,10.88,1.27,1.5,2.32,659,13.26,2162,13104
宁夏回族自治区,2011年,6.15,10.86,1.43,1.33,2.08,648,13.65,1959.3,11480
宁夏回族自治区,2010年,6,10.5,1.5,1.2,1.91,633,14.14,1595.3,9864
宁夏回族自治区,2009年,5.66,10.15,1.16,1.27,,625,14.38,1284.8,8742
宁夏回族自治区,2008年,4.62,8.25,0.98,1.07,,618,14.31,1153.7,7924
宁夏回族自治区,2007年,4.92,9.1,0.75,0.97,,610,14.8,887.9,6630
宁夏回族自治区,2006年,5.1,9.6,0.7,0.9,,604,15.53,691.6,5576
宁夏回族自治区,2005年,4.1,7.5,0.7,0.9,,596,15.93,587.2,4918
宁夏回族自治区,2004年,4.05,7.4,0.66,0.8,,588,15.97,527.3,
宁夏回族自治区,2003年,3.6,6.6,0.5,0.6,,580,15.68,448.4,
宁夏回族自治区,2002年,3.3,6.2,0.4,0.5,,572,16.42,381.8,
宁夏回族自治区,2001年,3.37,6.4,0.33,0.61,,563,16.55,341.5,
新疆维吾尔自治区,2024年,18.12,23.45,12.78,10.11,3.87,2623,9.42,20492.4,30899
新疆维吾尔自治区,2023年,21.51,28.61,14.42,10.88,4.2,2598,7.1,19603.3,28947
新疆维吾尔自治区,2022年,12.53,16.38,8.69,6.57,2.54,2587,6.53,18550.5,27063
新疆维吾尔自治区,2021年,15.63,25.23,6.03,7.34,2.83,2589,6.16,16791.5,26075
新疆维吾尔自治区,2020年,13.88,25.82,1.94,7.36,2.88,2590,6.94,14262.2,23845
新疆维吾尔自治区,2019年,16.59,30.99,2.2,7.31,2.9,2559,8.14,14024.9,23103
新疆维吾尔自治区,2018年,15.37,28.54,2.19,5.95,2.41,2520,10.69,13110.1,21500
新疆维吾尔自治区,2017年,18.39,34.3,2.47,7.44,3.07,2480,15.88,11460.8,19975
新疆维吾尔自治区,2016年,21.41,40.63,2.18,9.36,3.98,2428,15.34,9913.9,18355
新疆维吾尔自治区,2015年,27.66,52.1,3.22,10.18,4.31,2385,15.59,9545.7,16859
新疆维吾尔自治区,2014年,27.92,52.5,3.33,10.8,4.74,2325,16.44,9400.2,15097
新疆维吾尔自治区,2013年,26.07,48.02,4.12,10.91,4.82,2285,15.84,8518.4,13670
新疆维吾尔自治区,2012年,26.29,43.05,9.52,10.31,4.62,2253,15.32,7499.5,12151
新疆维吾尔自治区,2011年,28.23,41.93,14.54,10.42,4.81,2225,14.99,6607.6,10443
新疆维吾尔自治区,2010年,26.4,38.9,13.9,9.8,4.51,2185,15.99,5425.4,9042
新疆维吾尔自治区,2009年,26.55,38.96,14.15,8.84,,2159,15.99,4289.5,7656
新疆维吾尔自治区,2008年,25.36,37.56,13.16,8.74,,2131,16.05,4183.9,7012
新疆维吾尔自治区,2007年,22.63,33.1,12.16,8.15,,2095,16.79,3536.4,6273
新疆维吾尔自治区,2006年,20.1,29.2,11,7.7,,2050,15.79,2984.5,5290
新疆维吾尔自治区,2005年,19.6,29.4,9.9,7.8,,2010,16.42,2543,4707
新疆维吾尔自治区,2004年,19.34,29.73,8.89,6.8,,1963,16,2193.2,
新疆维吾尔自治区,2003年,16.6,25.6,7.6,5.9,,1934,16.01,1909.3,
新疆维吾尔自治区,2002年,16,24.4,7.5,5.2,,1905,16.3,1630.5,
新疆维吾尔自治区,2001年,16.22,24.35,8.05,5.51,,1876,16.82,1506,
